Seat,Candidate,Party,Amount_Raised,Percent_Raised,Amount_Spent,Percent_Spent,Percent_Votes,Votes,Winner,Incumbent
AL01,Jerry Carl ,gop,"$1,971,321",96.09562371,"$1,859,349",95.92570275,64.4,"211,825",Y,N
AL01,James Averhart ,dem,"$80,095",3.904376294,"$78,973",4.074297253,35.6,"116,949",N,N
AL02,Barry Moore ,gop,"$650,807",92.07053195,"$669,368",92.28130739,65.3,"197,996",Y,N
AL02,Phyllis Harvey-Hall ,dem,"$56,050",7.929468054,"$55,988",7.718692614,34.7,"105,286",N,N
AL03,Mike D Rogers ,gop,"$1,193,111",95.95675994,"$1,218,564",96.74713287,67.5,"217,384",Y,Y
AL03,Adia Winfrey ,dem,"$50,273",4.043240061,"$40,971",3.25286713,32.5,"104,595",N,N
AZ01,Tom O'Halleran ,dem,"$3,381,353",66.86518471,"$3,324,138",67.29239518,51.6,"188,469",Y,Y
AZ01,Tiffany Shedd ,gop,"$1,675,618",33.13481529,"$1,615,704",32.70760482,48.4,"176,709",N,N
AZ02,Ann Kirkpatrick ,dem,"$1,849,862",83.15171195,"$1,384,765",78.41997427,55.1,"209,945",Y,Y
AZ02,Brandon Martin ,gop,"$374,821",16.84828805,"$381,067",21.58002573,44.9,"170,975",N,N
AZ03,Raul M Grijalva ,dem,"$843,560",95.31945283,"$655,507",93.98367526,64.6,"174,243",Y,Y
AZ03,Daniel Wood ,gop,"$41,422",4.680547175,"$41,962",6.01632474,35.4,"95,594",N,N
AZ04,Paul Gosar ,gop,"$622,151",88.96526478,"$729,892",90.14907676,69.8,"278,002",Y,Y
AZ04,Delina DiSanto ,dem,"$77,168",11.03473522,"$79,758",9.850923238,30.2,"120,484",N,N
AZ05,Andy Biggs ,gop,"$1,602,181",81.81697945,"$1,236,380",85.49346584,58.9,"262,414",Y,Y
AZ05,Joan Greene ,dem,"$356,069",18.18302055,"$209,789",14.50653416,41.1,"183,171",N,N
AZ06,David Schweikert ,gop,"$2,265,329",26.44434618,"$2,249,979",26.11189854,52.2,"217,783",Y,Y
AZ06,Hiral Tipirneni ,dem,"$6,301,073",73.55565382,"$6,366,702",73.88810146,47.8,"199,644",N,N
AZ07,Ruben Gallego ,dem,"$1,811,754",98.47307955,"$1,653,961",98.93034278,76.7,"165,452",Y,Y
AZ07,Josh Barnett ,gop,"$28,093",1.526920445,"$17,883",1.069657217,23.3,"50,226",N,N
AZ08,Debbie Lesko ,gop,"$1,605,245",81.76879924,"$987,453",73.95615745,59.6,"251,633",Y,Y
AZ08,Michael Muscato ,dem,"$357,906",18.23120076,"$347,734",26.04384255,40.4,"170,816",N,N
AZ09,Greg Stanton ,dem,"$2,001,619",93.88020913,"$1,001,350",88.51438851,61.6,"217,094",Y,Y
AZ09,Dave Giles ,gop,"$130,480",6.119790873,"$129,935",11.48561149,38.4,"135,180",N,N
AR02,French Hill ,gop,"$3,384,490",49.28663412,"$3,020,491",46.47464066,55.4,"184,093",Y,Y
AR02,Joyce Elliott ,dem,"$3,482,463",50.71336588,"$3,478,733",53.52535934,44.6,"148,410",N,N
AR03,Steve Womack ,gop,"$1,127,158",76.03335555,"$923,120",72.2082205,64.3,"214,960",Y,Y
AR03,Celeste Williams ,dem,"$355,294",23.96664445,"$355,294",27.7917795,31.8,"106,325",N,N
AR04,Bruce Westerman ,gop,"$1,407,770",92.76676615,"$1,102,573",90.8023514,69.7,"191,617",Y,Y
AR04,William Hanson ,dem,"$109,767",7.233233852,"$111,683",9.197648601,27.5,"75,750",N,N
CA01,Doug LaMalfa ,gop,"$1,219,556",33.12818075,"$1,155,945",31.98868388,57,"204,190",Y,Y
CA01,Audrey Denney ,dem,"$2,461,769",66.87181925,"$2,457,661",68.01131612,43,"154,073",N,N
CA02,Jared Huffman ,dem,"$899,419",99.34599156,"$797,753",99.72535783,75.7,"294,435",Y,Y
CA02,Dale Mensing ,gop,"$5,921",0.654008439,"$2,197",0.274642165,24.3,"94,320",N,N
CA03,John Garamendi ,dem,"$1,054,066",72.63584775,"$667,320",63.43924921,54.7,"176,043",Y,Y
CA03,Tamika Hamilton ,gop,"$397,099",27.36415225,"$384,584",36.56075079,45.3,"145,945",N,N
CA04,Tom McClintock ,gop,"$2,053,363",40.58524528,"$2,107,248",41.23950542,55.9,"247,291",Y,Y
CA04,Brynne Kennedy ,dem,"$3,006,020",59.41475472,"$3,002,532",58.76049458,44.1,"194,731",N,N
CA06,Doris Matsui ,dem,"$1,019,605",95.79359569,"$1,073,529",96.01514378,73.3,"229,648",Y,Y
CA06,Christine Bish ,gop,"$44,772",4.20640431,"$44,554",3.984856223,26.7,"83,466",N,N
CA07,Ami Bera ,dem,"$1,757,748",97.56464168,"$1,053,444",97.26570507,56.6,"217,416",Y,Y
CA07,Buzz Patterson ,gop,"$43,876",2.435358321,"$29,614",2.734294932,43.4,"166,549",N,N
CA08,Jay Obernolte ,gop,"$1,861,647",50.04901001,"$1,792,064",49.1154465,56.1,"158,711",Y,N
CA08,Chris Bubser ,dem,"$1,858,001",49.95098999,"$1,856,613",50.8845535,43.9,"124,400",N,N
CA09,Jerry McNerney ,dem,"$1,177,959",95.75859215,"$1,112,543",95.52037489,57.6,"174,252",Y,Y
CA09,Tony Amador ,gop,"$52,175",4.241407847,"$52,175",4.479625111,42.4,"128,358",N,N
CA10,Josh Harder ,dem,"$7,400,135",83.83819433,"$3,950,613",69.645068,55.2,"166,865",Y,Y
CA10,Ted Howze ,gop,"$1,426,552",16.16180567,"$1,721,882",30.354932,44.8,"135,629",N,N
CA12,Nancy Pelosi ,dem,"$27,359,508",94.23789655,"$22,064,953",93.04053228,77.6,"281,776",Y,Y
CA12,Shahid Buttar ,dem,"$1,672,876",5.76210345,"$1,650,467",6.959467722,22.4,"81,174",N,N
CA13,Barbara Lee ,dem,"$1,828,213",99.46470502,"$1,750,142",99.43728743,90.4,"327,863",Y,Y
CA13,Nikka Piterman ,gop,"$9,839",0.535294975,"$9,904",0.562712565,9.6,"34,955",N,N
CA16,Jim Costa ,dem,"$2,135,525",88.94726079,"$1,835,244",87.36727652,59.4,"128,690",Y,Y
CA16,Kevin Cookingham ,gop,"$265,364",11.05273921,"$265,364",12.63272348,40.6,"88,039",N,N
CA17,Ro Khanna ,dem,"$3,837,982",95.62638065,"$2,455,457",93.34663133,71.3,"212,137",Y,Y
CA17,Ritesh Tandon ,gop,"$175,536",4.373619353,"$175,015",6.653368673,28.7,"85,199",N,N
CA18,Anna Eshoo ,dem,"$2,114,909",75.82243093,"$2,059,158",74.84864214,63.2,"217,388",Y,Y
CA18,Rishi Kumar ,dem,"$674,383",24.17756907,"$691,938",25.15135786,36.8,"126,751",N,N
CA19,Zoe Lofgren ,dem,"$1,755,555",99.48364196,"$1,731,700",99.3379003,71.7,"224,385",Y,Y
CA19,Justin Aguilera ,gop,"$9,112",0.516358044,"$11,542",0.662099697,28.3,"88,642",N,N
CA20,Jimmy Panetta ,dem,"$2,009,894",96.74449634,"$1,592,671",96.08190789,76.8,"236,896",Y,Y
CA20,Jeff Gorman ,gop,"$67,634",3.255503656,"$64,947",3.918092106,23.2,"71,658",N,N
CA21,David Valadao ,gop,"$4,067,880",41.66613319,"$3,982,587",41.15691764,50.4,"85,928",Y,N
CA21,TJ Cox ,dem,"$5,695,157",58.33386681,"$5,694,005",58.84308236,49.6,"84,406",N,Y
CA22,Devin Nunes ,gop,"$26,825,212",84.04767127,"$20,156,093",79.92652393,54.2,"170,888",Y,Y
CA22,Phil Arballo ,dem,"$5,091,451",15.95232873,"$5,062,185",20.07347607,45.8,"144,251",N,N
CA23,Kevin McCarthy ,gop,"$27,780,644",94.32596948,"$24,265,583",93.57766447,62.1,"190,222",Y,Y
CA23,Kim Mangone ,dem,"$1,671,101",5.67403052,"$1,665,373",6.422335528,37.9,"115,896",N,N
CA24,Salud Carbajal ,dem,"$2,117,836",61.98603655,"$1,451,622",53.37196823,58.7,"212,564",Y,Y
CA24,Andy Caldwell ,gop,"$1,298,798",38.01396345,"$1,268,199",46.62803177,41.3,"149,781",N,N
CA25,Mike Garcia ,gop,"$9,962,507",62.49909898,"$9,584,648",62.26577125,50,"169,638",Y,Y
CA25,Christy Smith ,dem,"$5,977,734",37.50090102,"$5,808,477",37.73422875,50,"169,305",N,N
CA27,Judy Chu ,dem,"$1,213,706",96.84159293,"$956,298",96.06622888,69.8,"221,411",Y,Y
CA27,Johnny Nalbandian ,gop,"$39,584",3.158407073,"$39,159",3.933771122,30.2,"95,907",N,N
CA28,Adam Schiff ,dem,"$19,382,855",82.59207777,"$10,188,664",72.88711082,72.7,"244,271",Y,Y
CA28,Eric Early ,gop,"$4,085,322",17.40792223,"$3,790,027",27.11288918,27.3,"91,928",N,N
CA29,Tony Cardenas ,dem,"$1,419,697",94.78675106,"$1,213,588",94.06091233,56.6,"119,420",Y,Y
CA29,Angelica Duenas ,dem,"$78,083",5.213248942,"$76,627",5.939087671,43.4,"91,524",N,N
CA31,Pete Aguilar ,dem,"$2,475,748",94.6953357,"$1,861,434",93.57038336,61.3,"175,315",Y,Y
CA31,Agnes Gibboney ,gop,"$138,687",5.304664296,"$127,907",6.429616642,38.7,"110,735",N,N
CA32,Grace Napolitano ,dem,"$478,426",95.29449258,"$251,047",94.62937485,66.6,"172,942",Y,Y
CA32,Joshua Scott ,gop,"$23,624",4.70550742,"$14,248",5.370625153,33.4,"86,818",N,N
CA33,Ted Lieu ,dem,"$1,661,436",95.46584415,"$1,582,573",95.24346296,67.6,"257,094",Y,Y
CA33,James Bradley ,gop,"$78,910",4.534155852,"$79,035",4.756537041,32.4,"123,334",N,N
CA34,Jimmy Gomez ,dem,"$1,401,166",87.86965476,"$1,268,312",94.04008177,53,"108,792",Y,Y
CA34,David Kim ,dem,"$193,430",12.13034524,"$80,381",5.959918232,47,"96,554",N,N
CA35,Norma Torres ,dem,"$654,727",94.77259568,"$664,600",94.87305768,69.3,"169,405",Y,Y
CA35,Mike Cargile ,gop,"$36,113",5.227404319,"$35,915",5.126942321,30.7,"74,941",N,N
CA36,Raul Ruiz ,dem,"$2,402,624",97.79322309,"$1,732,443",96.98591992,60.3,"185,151",Y,Y
CA36,Erin Cruz ,gop,"$54,217",2.206776914,"$53,840",3.014080076,39.7,"121,698",N,N
CA37,Karen Bass ,dem,"$2,216,467",97.09146183,"$1,202,942",87.35848043,85.9,"254,916",Y,Y
CA37,Errol Webber ,gop,"$66,398",2.908538175,"$174,076",12.64151957,14.1,"41,705",N,N
CA39,Young Kim ,gop,"$6,424,556",59.51589712,"$6,021,651",58.05615345,50.6,"173,946",Y,N
CA39,Gil Cisneros ,dem,"$4,370,133",40.48410288,"$4,350,464",41.94384655,49.4,"169,837",N,Y
CA40,Lucille Roybal-Allard ,dem,"$739,790",89.69282399,"$741,379",90.34057191,72.7,"135,572",Y,Y
CA40,Antonio Delgado ,gop,"$85,014",10.30717601,"$79,270",9.659428087,27.3,"50,809",N,N
CA41,Mark Takano ,dem,"$1,020,456",60.70117791,"$949,494",58.99665901,64,"168,126",Y,Y
CA41,Aja Smith ,gop,"$660,658",39.29882209,"$659,909",41.00334099,36,"94,447",N,N
CA42,Ken Calvert ,gop,"$1,441,812",91.72549761,"$1,549,113",92.3247879,57.1,"210,274",Y,Y
CA42,Liam O'Mara ,dem,"$130,065",8.274502394,"$128,782",7.675212096,42.9,"157,773",N,N
CA43,Maxine Waters ,dem,"$1,836,660",14.8197984,"$1,906,957",16.12231423,71.7,"199,210",Y,Y
CA43,Joe Collins ,gop,"$10,556,626",85.1802016,"$9,921,103",83.87768577,28.3,"78,688",N,N
CA45,Katie Porter ,dem,"$16,627,706",93.03007871,"$6,443,700",83.84324954,53.5,"221,843",Y,Y
CA45,Greg Raths ,gop,"$1,245,767",6.969921291,"$1,241,713",16.15675046,46.5,"193,096",N,N
CA47,Alan Lowenthal ,dem,"$678,648",96.40571063,"$854,902",97.54255853,63.3,"197,028",Y,Y
CA47,John Briscoe ,gop,"$25,302",3.594289367,"$21,538",2.457441468,36.7,"114,371",N,N
CA48,Michelle Steel ,gop,"$6,305,665",51.37197592,"$6,148,591",49.895107,51.1,"201,738",Y,N
CA48,Harley Rouda ,dem,"$5,968,858",48.62802408,"$6,174,443",50.104893,48.9,"193,362",N,Y
CA49,Mike Levin ,dem,"$3,845,768",57.77878405,"$2,901,566",50.81744788,53.1,"205,349",Y,Y
CA49,Brian Maryott ,gop,"$2,810,253",42.22121595,"$2,808,217",49.18255212,46.9,"181,157",N,N
CA50,Darrell Issa ,gop,"$11,239,670",64.27119811,"$10,947,106",63.66496096,54,"195,521",Y,N
CA50,Ammar Campa-Najjar ,dem,"$6,248,210",35.72880189,"$6,247,762",36.33503904,46,"166,869",N,N
CA51,Juan Vargas ,dem,"$799,734",90.52253403,"$801,671",90.80458468,68.3,"165,596",Y,Y
CA51,Juan Hidalgo ,gop,"$83,730",9.477465975,"$81,182",9.195415318,31.7,"76,841",N,N
CO02,Joseph Neguse ,dem,"$1,353,325",93.22583823,"$674,602",87.27740834,61.5,"316,925",Y,Y
CO02,Charles Winn ,gop,"$98,338",6.774161772,"$98,338",12.72259166,35.4,"182,547",N,N
CO03,Lauren Boebert ,gop,"$2,989,510",37.37922905,"$2,632,716",34.56389523,51.4,"220,634",Y,N
CO03,Diane Mitsch Bush ,dem,"$5,008,274",62.62077095,"$4,984,238",65.43610477,45.2,"194,122",N,N
CO04,Ken Buck ,gop,"$478,984",56.42706941,"$539,393",71.27370701,60.1,"285,606",Y,Y
CO04,Ike McCorkle ,dem,"$369,871",43.57293059,"$217,398",28.72629299,36.6,"173,945",N,N
CO05,Doug Lamborn ,gop,"$540,712",74.48162244,"$329,011",65.20763677,57.6,"249,013",Y,Y
CO05,Jillian Freeland ,dem,"$185,255",25.51837756,"$175,548",34.79236323,37.4,"161,600",N,N
CO06,Jason Crow ,dem,"$4,136,137",77.51100832,"$2,892,443",70.71145807,57.1,"250,314",Y,Y
CO06,Steven House ,gop,"$1,200,056",22.48899168,"$1,198,044",29.28854193,40,"175,192",N,N
CO07,Ed Perlmutter ,dem,"$1,632,262",91.69320961,"$1,339,482",90.0580494,59.1,"250,525",Y,Y
CO07,Casper Stockham ,gop,"$147,872",8.306790388,"$147,872",9.941950605,37.6,"159,301",N,N
CT01,John Larson ,dem,"$1,377,238",98.08870473,"$1,323,690",98.13776312,63.8,"222,668",Y,Y
CT01,Mary Fay ,gop,"$26,836",1.911295274,"$25,118",1.862236879,35,"122,111",N,N
CT02,Joe Courtney ,dem,"$964,731",92.32246655,"$999,360",92.69408892,59.4,"217,982",Y,Y
CT02,Justin Anderson ,gop,"$80,227",7.677533451,"$78,767",7.305911085,38.2,"140,340",N,N
CT03,Rosa DeLauro ,dem,"$1,938,999",51.32235191,"$1,795,635",49.45263314,58.7,"203,265",Y,Y
CT03,Margaret Streicker ,gop,"$1,839,080",48.67764809,"$1,835,385",50.54736686,39.8,"137,596",N,N
CT04,Jim Himes ,dem,"$1,612,935",98.07902095,"$2,180,029",99.20884276,62.2,"223,832",Y,Y
CT04,Jonathan Riddle ,gop,"$31,591",1.920979054,"$17,385",0.791157242,36.3,"130,627",N,N
CT05,Jahana Hayes ,dem,"$2,037,826",83.68135787,"$1,564,685",79.74725479,55.1,"192,484",Y,Y
CT05,David Sullivan ,gop,"$397,395",16.31864213,"$397,370",20.25274521,43.5,"151,988",N,N
DE01,Lisa Blunt Rochester ,dem,"$2,024,201",93.9045136,"$1,305,618",90.82686368,57.6,"281,382",Y,Y
DE01,Lee Murphy ,gop,"$131,394",6.095486397,"$131,862",9.173136322,40.2,"196,392",N,N
FL01,Matt Gaetz ,gop,"$5,946,646",74.59654066,"$4,482,782",70.22745371,64.6,"283,352",Y,Y
FL01,Phil Ehr ,dem,"$2,025,099",25.40345934,"$1,900,451",29.77254629,34,"149,172",N,N
FL03,Kat Cammack ,gop,"$1,122,188",83.85745425,"$1,090,334",83.26707101,57.1,"223,075",Y,N
FL03,Adam Christensen ,dem,"$216,021",16.14254575,"$219,108",16.73292899,42.9,"167,326",N,N
FL04,John Rutherford ,gop,"$1,024,912",50.28838572,"$1,283,701",55.88943679,61.1,"308,497",Y,Y
FL04,Donna Deegan ,dem,"$1,013,157",49.71161428,"$1,013,157",44.11056321,38.9,"196,423",N,N
FL05,Al Lawson ,dem,"$848,498",85.24131335,"$695,779",82.56662015,65.1,"219,463",Y,Y
FL05,Gary Adler ,gop,"$146,909",14.75868665,"$146,909",17.43337985,34.9,"117,510",N,N
FL06,Michael Waltz ,gop,"$2,549,667",99.05554712,"$1,716,768",98.72048552,60.6,"265,393",Y,Y
FL06,Clint Curtis ,dem,"$24,310",0.944452884,"$22,251",1.279514485,39.4,"172,305",N,N
FL07,Stephanie Murphy ,dem,"$3,124,692",74.93054153,"$1,798,549",63.55600002,55.3,"224,946",Y,Y
FL07,Leo Valentin ,gop,"$1,045,426",25.06945847,"$1,031,316",36.44399998,43.2,"175,750",N,N
FL08,Bill Posey ,gop,"$985,268",87.67008709,"$1,121,834",88.99037302,61.4,"282,093",Y,Y
FL08,James Kennedy ,dem,"$138,568",12.32991291,"$138,790",11.00962698,38.6,"177,695",N,N
FL09,Darren Soto ,dem,"$1,111,750",73.32688721,"$945,868",70.22263533,56,"240,724",Y,Y
FL09,William Olson ,gop,"$404,406",26.67311279,"$401,088",29.77736467,44,"188,889",N,N
FL10,Val Demings ,dem,"$1,876,047",84.83039095,"$1,191,020",78.15748304,63.6,"239,434",Y,Y
FL10,Vennia Francois ,gop,"$335,480",15.16960905,"$332,852",21.84251696,36.4,"136,889",N,N
FL11,Daniel Webster ,gop,"$691,261",91.6890276,"$586,965",90.39339642,66.7,"316,979",Y,Y
FL11,Dana Cottrell ,dem,"$62,658",8.310972399,"$62,380",9.606603577,33.3,"158,094",N,N
FL12,Gus Bilirakis ,gop,"$1,604,137",97.40111807,"$1,548,634",97.87988456,62.9,"284,941",Y,Y
FL12,Kim Walker ,dem,"$42,802",2.598881926,"$33,544",2.120115436,37.1,"168,194",N,N
FL13,Charlie Crist ,dem,"$2,720,646",45.1665203,"$3,980,695",54.95972556,53,"215,405",Y,Y
FL13,Anna Paulina Luna ,gop,"$3,302,944",54.8334797,"$3,262,236",45.04027444,47,"190,713",N,N
FL14,Kathy Castor ,dem,"$884,651",78.51037678,"$1,201,653",83.2838707,60.3,"224,240",Y,Y
FL14,Christine Quinn ,gop,"$242,144",21.48962322,"$241,187",16.7161293,39.7,"147,896",N,N
FL15,Scott Franklin ,gop,"$1,663,898",41.62918184,"$1,638,417",41.59882131,55.4,"216,374",Y,N
FL15,Alan Cohn ,dem,"$2,333,053",58.37081816,"$2,300,197",58.40117869,44.6,"174,297",N,N
FL16,Vernon Buchanan ,gop,"$3,094,611",47.56158232,"$3,100,766",47.640979,55.5,"269,001",Y,Y
FL16,Margaret Good ,dem,"$3,411,924",52.43841768,"$3,407,845",52.359021,44.5,"215,683",N,N
FL17,Greg Steube ,gop,"$759,908",90.10172056,"$621,200",88.81352734,64.6,"266,514",Y,Y
FL17,Allen Ellison ,dem,"$83,481",9.898279442,"$78,243",11.18647266,34.1,"140,487",N,N
FL18,Brian Mast ,gop,"$6,128,177",78.88951539,"$5,301,307",76.45333321,56.3,"253,286",Y,Y
FL18,Pam Keith ,dem,"$1,639,873",21.11048461,"$1,632,736",23.54666679,41.5,"186,674",N,N
FL19,Byron Donalds ,gop,"$3,219,579",93.74695901,"$2,738,685",93.08558639,61.3,"272,440",Y,N
FL19,Cindy Banyai ,dem,"$214,750",6.253040987,"$203,430",6.914413611,38.7,"172,146",N,N
FL20,Alcee Hastings ,dem,"$607,649",95.45164655,"$543,316",95.17599947,78.7,"253,661",Y,Y
FL20,Greg Musselwhite ,gop,"$28,955",4.54835345,"$27,538",4.824000533,21.3,"68,748",N,N
FL21,Lois Frankel ,dem,"$1,534,882",40.32280691,"$1,309,786",36.89044424,59,"237,925",Y,Y
FL21,Laura Loomer ,gop,"$2,271,604",59.67719309,"$2,240,689",63.10955576,39.1,"157,612",N,N
FL22,Ted Deutch ,dem,"$1,364,438",83.05290671,"$1,265,494",81.96682449,58.6,"235,764",Y,Y
FL22,Jim Pruden ,gop,"$278,416",16.94709329,"$278,416",18.03317551,41.4,"166,553",N,N
FL23,Debbie Wasserman Schultz ,dem,"$2,191,922",70.44580735,"$1,979,903",68.66404436,58.2,"221,239",Y,Y
FL23,Carla Spalding ,gop,"$919,579",29.55419265,"$903,561",31.33595564,41.8,"158,874",N,N
FL24,Frederica Wilson ,dem,"$412,592",92.18593947,"$321,019",90.19211751,75.6,"218,825",Y,Y
FL24,Lavern Spicer ,gop,"$34,973",7.814060528,"$34,909",9.807882493,20.4,"59,084",N,N
FL26,Carlos Gimenez ,gop,"$2,226,559",24.68447065,"$2,187,389",24.27699981,51.7,"177,223",Y,N
FL26,Debbie Mucarsel-Powell ,dem,"$6,793,521",75.31552935,"$6,822,740",75.72300019,48.3,"165,407",N,Y
FL27,Maria Salazar ,gop,"$3,654,190",48.7413995,"$3,645,814",49.38936137,51.4,"176,141",Y,N
FL27,Donna Shalala ,dem,"$3,842,907",51.2586005,"$3,735,966",50.61063863,48.6,"166,758",N,Y
GA01,Buddy Carter ,gop,"$2,315,487",94.68242058,"$1,734,754",93.27868094,58.3,"189,457",Y,Y
GA01,Joyce Griggs ,dem,"$130,043",5.31757942,"$125,000",6.721319056,41.7,"135,238",N,N
GA02,Sanford Bishop ,dem,"$1,540,683",90.36491829,"$1,440,571",89.86197307,59.1,"161,397",Y,Y
GA02,Don Cole ,gop,"$164,274",9.635081706,"$162,522",10.13802693,40.9,"111,620",N,N
GA03,Drew Ferguson ,gop,"$2,374,212",98.51608358,"$2,150,911",98.53650514,65,"241,526",Y,Y
GA03,Val Almonord ,dem,"$35,762",1.483916424,"$31,946",1.46349486,35,"129,792",N,N
GA05,Nikema Williams ,dem,"$553,964",64.47116823,"$362,801",54.62726929,85.1,"301,857",Y,N
GA05,Angela Stanton-King ,gop,"$305,279",35.52883177,"$301,338",45.37273071,14.9,"52,646",N,N
GA06,Lucy McBath ,dem,"$8,507,298",73.76137129,"$8,586,054",73.64323107,54.6,"216,775",Y,Y
GA06,Karen Handel ,gop,"$3,026,243",26.23862871,"$3,072,932",26.35676893,45.4,"180,329",N,N
GA07,Carolyn Bourdeaux ,dem,"$5,133,244",66.41803462,"$5,161,230",66.81243668,51.4,"190,900",Y,N
GA07,Richard McCormick ,gop,"$2,595,446",33.58196538,"$2,563,724",33.18756332,48.6,"180,564",N,N
GA08,Austin Scott ,gop,"$821,745",99.09795291,"$716,159",99.27638592,64.5,"198,701",Y,Y
GA08,Lindsay Holliday ,dem,"$7,480",0.902047092,"$5,220",0.723614078,35.5,"109,264",N,N
GA09,Andrew Clyde ,gop,"$1,569,425",94.90402414,"$1,561,316",94.85867945,78.6,"292,750",Y,N
GA09,Devin Pandy ,dem,"$84,272",5.095975865,"$84,623",5.141320547,21.4,"79,797",N,N
GA10,Jody Hice ,gop,"$595,947",97.57545988,"$457,648",97.40051334,62.3,"235,810",Y,Y
GA10,Tabitha Johnson-Green ,dem,"$14,808",2.424540118,"$12,214",2.599486658,37.7,"142,636",N,N
GA11,Barry Loudermilk ,gop,"$877,767",68.44763536,"$700,851",63.95629606,60.4,"245,259",Y,Y
GA11,Dana Barrett ,dem,"$404,625",31.55236464,"$394,977",36.04370394,39.6,"160,623",N,N
GA12,Richard W Allen ,gop,"$1,228,970",94.46123882,"$662,818",90.19416802,58.4,"181,038",Y,Y
GA12,Liz Johnson ,dem,"$72,061",5.538761182,"$72,061",9.805831981,41.6,"129,061",N,N
GA13,David Scott ,dem,"$1,209,614",95.01155819,"$1,131,746",94.73206655,77.4,"279,045",Y,Y
GA13,Becky Hites ,gop,"$63,509",4.988441808,"$62,935",5.267933448,22.6,"81,476",N,N
HI01,Ed Case ,dem,"$508,249",97.59248983,"$472,569",97.39353195,72,"183,245",N,Y
HI01,Ron Curtis ,gop,"$12,538",2.407510172,"$12,647",2.606468047,28,"71,188",N,N
HI02,Kai Kahele ,dem,"$1,235,523",95.77274493,"$1,039,637",94.94566572,63,"171,517",Y,N
HI02,Joe Akana ,gop,"$54,534",4.227255075,"$55,344",5.054334276,30.9,"84,027",N,N
ID01,Russ Fulcher ,gop,"$575,485",65.51611078,"$508,457",62.66732729,67.8,"310,736",Y,Y
ID01,Rudy Soto ,dem,"$302,902",34.48388922,"$302,902",37.33267271,28.6,"131,380",N,N
ID02,Mike Simpson ,gop,"$1,008,847",93.45320749,"$1,099,604",93.99353092,64.1,"250,669",Y,Y
ID02,Aaron Swisher ,dem,"$70,674",6.546792513,"$70,268",6.006469084,31.7,"124,151",N,N
IL01,Bobby Rush ,dem,"$541,435",98.85179397,"$496,454",98.99342376,73.8,"239,943",Y,Y
IL01,Philanise White ,gop,"$6,289",1.148206031,"$5,048",1.006576245,26.2,"85,027",N,N
IL03,Marie Newman ,dem,"$2,802,093",95.61659224,"$2,699,323",95.47342467,56.4,"172,997",Y,N
IL03,Mike Fricilone ,gop,"$128,458",4.383407762,"$127,980",4.526575326,43.6,"133,851",N,N
IL04,Jesus Garcia ,dem,"$822,846",99.74966996,"$711,159",99.88160146,84.1,"187,219",Y,Y
IL04,Jesus Solorio Jr ,gop,"$2,065",0.250330036,$843,0.118398544,15.9,"35,518",N,N
IL06,Sean Casten ,dem,"$5,582,179",63.86969033,"$5,313,570",62.88967472,52.8,"213,777",Y,Y
IL06,Jeanne Ives ,gop,"$3,157,771",36.13030967,"$3,135,464",37.11032528,45.4,"183,891",N,N
IL10,Brad Schneider ,dem,"$3,459,512",96.37229691,"$2,873,333",97.79571607,63.9,"202,402",Y,Y
IL10,Valerie Ramirez Mukherjee ,gop,"$130,225",3.627703088,"$64,764",2.204283929,36.1,"114,442",N,N
IL11,Bill Foster ,dem,"$2,381,354",99.15297392,"$1,823,906",98.91191288,63.3,"194,557",Y,Y
IL11,Rick Laib ,gop,"$20,343",0.847026082,"$20,064",1.088087116,36.7,"112,807",N,N
IL12,Mike Bost ,gop,"$1,918,041",92.24166993,"$1,509,573",93.50779431,60.4,"194,839",Y,Y
IL12,Ray Lenzi ,dem,"$161,324",7.758330067,"$104,809",6.492205686,39.6,"127,577",N,N
IL13,Rodney Davis ,gop,"$4,943,459",48.27376996,"$4,822,600",47.7273447,54.5,"181,373",Y,Y
IL13,Betsy Dirksen Londrigan ,dem,"$5,297,007",51.72623004,"$5,281,880",52.2726553,45.5,"151,648",N,N
IL14,Lauren A Underwood ,dem,"$7,803,579",76.18870159,"$7,301,503",75.66088353,50.7,"203,209",Y,Y
IL14,Jim Oberweis ,gop,"$2,438,857",23.81129841,"$2,348,798",24.33911647,49.3,"197,835",N,N
IL15,Mary Miller ,gop,"$689,057",92.15121178,"$570,356",96.06723878,73.4,"244,947",Y,N
IL15,Erika Weaver ,dem,"$58,689",7.848788225,"$23,349",3.93276122,26.6,"88,559",N,N
IL16,Adam Kinzinger ,gop,"$2,105,736",82.09241037,"$1,588,550",80.85388379,64.7,"218,839",Y,Y
IL16,Dani Brzozowski ,dem,"$459,344",17.90758963,"$376,167",19.14611621,35.3,"119,313",N,N
IL17,Cheri Bustos ,dem,"$4,975,192",70.99232742,"$6,391,009",75.88833518,52,"156,011",Y,Y
IL17,Esther Joy King ,gop,"$2,032,878",29.00767258,"$2,030,587",24.11166482,48,"143,863",N,N
IN01,Frank Mrvan Jr ,dem,"$578,635",97.21918862,"$464,407",96.80187598,56.6,"185,180",Y,N
IN01,Mark Leyva ,gop,"$16,551",2.780811377,"$15,343",3.198124023,40.4,"132,247",N,N
IN02,Jackie Walorski ,gop,"$2,383,467",72.99258427,"$1,698,202",66.19372497,61.5,"183,601",Y,Y
IN02,Pat Hackett ,dem,"$881,888",27.00741573,"$867,301",33.80627503,38.5,"114,967",N,N
IN03,Jim Banks ,gop,"$1,202,509",92.74575513,"$769,591",89.54209202,67.8,"220,989",Y,Y
IN03,Chip Coldiron ,dem,"$94,056",7.25424487,"$89,883",10.45790798,32.2,"104,762",N,N
IN04,Jim Baird ,gop,"$327,727",88.02482864,"$190,158",81.48313201,66.6,"225,531",Y,Y
IN04,Joe Mackey ,dem,"$44,585",11.97517136,"$43,213",18.51686799,33.4,"112,984",N,N
IN05,Victoria Spartz ,gop,"$3,119,328",43.75120622,"$3,010,203",42.94701979,50,"208,212",Y,N
IN05,Christina Hale ,dem,"$4,010,368",56.24879378,"$3,998,905",57.05298021,45.9,"191,226",N,N
IN06,Greg Pence ,gop,"$3,114,448",95.6074482,"$2,804,148",95.07317095,68.7,"225,318",Y,Y
IN06,Jeannine Lee Lake ,dem,"$143,089",4.392551796,"$145,315",4.926829053,27.8,"91,103",N,N
IN07,Andre Carson ,dem,"$1,011,635",94.14586707,"$873,962",93.59148859,62.4,"176,422",Y,Y
IN07,Susan Marie Smith ,gop,"$62,905",5.854132931,"$59,843",6.408511413,37.6,"106,146",N,N
IN08,Larry Bucshon ,gop,"$1,051,336",93.86341925,"$1,078,646",94.03029833,66.9,"214,643",Y,Y
IN08,Thomasina Marsili ,dem,"$68,734",6.136580749,"$68,480",5.969701672,29.8,"95,691",N,N
IN09,Trey Hollingsworth ,gop,"$1,166,754",88.7253929,"$501,136",78.78976546,60.9,"218,606",Y,Y
IN09,Andy Ruff ,dem,"$148,263",11.2746071,"$134,906",21.21023454,34.8,"124,826",N,N
IA01,Ashley Hinson ,gop,"$5,175,883",46.72503034,"$5,059,211",46.26784333,51.3,"212,088",Y,N
IA01,Abby Finkenauer ,dem,"$5,901,441",53.27496966,"$5,875,405",53.73215667,48.7,"201,347",N,Y
IA02,Mariannette Miller-Meeks ,gop,"$2,174,194",33.93368009,"$1,721,926",29.50359524,50,"196,964",Y,N
IA02,Rita Hart ,dem,"$4,232,992",66.06631991,"$4,114,400",70.49640476,50,"196,958",N,N
IA03,Cindy Axne ,dem,"$6,236,976",66.30109679,"$6,236,994",66.83752026,49,"219,205",Y,Y
IA03,David Young ,gop,"$3,170,072",33.69890321,"$3,094,582",33.16247974,47.6,"212,997",N,N
IA04,Randy Feenstra ,gop,"$1,906,234",39.77827067,"$1,894,288",39.49485133,62.1,"237,369",Y,N
IA04,J.D. Scholten ,dem,"$2,885,915",60.22172933,"$2,902,003",60.50514867,37.9,"144,761",N,N
KS01,Tracey Mann ,gop,"$1,403,353",69.94421321,"$1,127,156",65.52927771,71.2,"208,229",Y,N
KS01,Kali Barnett ,dem,"$603,036",30.05578679,"$592,924",34.47072229,28.8,"84,393",N,N
KS03,Sharice Davids ,dem,"$5,638,552",72.09563461,"$5,168,034",70.72032308,53.6,"220,049",Y,Y
KS03,Amanda Adkins ,gop,"$2,182,382",27.90436539,"$2,139,673",29.27967692,43.6,"178,773",N,N
KS04,Ron Estes ,gop,"$1,993,808",88.2892944,"$1,420,188",84.59179735,63.7,"203,432",Y,Y
KS04,Laura Lombard ,dem,"$264,459",11.7107056,"$258,684",15.40820265,36.3,"116,166",N,N
KY02,Brett Guthrie ,gop,"$1,412,797",93.79969924,"$1,566,622",95.65731885,71,"255,735",Y,Y
KY02,Hank Linderman ,dem,"$93,388",6.20030076,"$71,122",4.342681152,26.3,"94,643",N,N
KY03,John Yarmuth ,dem,"$658,295",93.44953928,"$690,226",93.79421493,62.7,"230,672",Y,Y
KY03,Rhonda Palazzo ,gop,"$46,144",6.550460721,"$45,668",6.205785072,37.3,"137,425",N,N
KY04,Thomas Massie ,gop,"$1,457,316",90.32073332,"$1,563,275",93.6298015,67.1,"256,613",Y,Y
KY04,Alexandra Owensby ,dem,"$156,174",9.679266683,"$106,359",6.370198499,32.9,"125,896",N,N
KY06,Andy Barr ,gop,"$4,536,264",60.70542666,"$4,316,239",59.51911056,57.3,"216,948",Y,Y
KY06,Josh Hicks ,dem,"$2,936,320",39.29457334,"$2,935,615",40.48088944,41,"155,011",N,N
LA04,Mike Johnson ,gop,"$1,299,787",97.4744725,"$1,039,393",96.88599925,60.4,"185,265",Y,Y
LA04,Kenny Houston ,dem,"$33,677",2.525527498,"$33,407",3.114000746,25.5,"78,157",N,N
LA05,Luke Letlow ,gop,"$1,392,822",84.73601631,"$1,303,757",81.6039032,33.1,"102,533",N,N
LA05,Candy Christophe ,dem,"$77,101",4.690643595,"$131,161",8.209543302,16.4,"50,812",N,N
LA05,Martin Lemelle ,dem,"$173,796",10.57334009,"$162,747",10.1865535,10.4,"32,186",N,N
LA06,Garret Graves ,gop,"$1,743,015",93.99697249,"$1,200,287",92.4434747,71,"265,706",Y,Y
LA06,Dartanyon Williams ,dem,"$111,316",6.003027507,"$98,114",7.556525295,25.5,"95,541",N,N
ME01,Chellie Pingree ,dem,"$487,080",85.95554693,"$264,790",79.1261135,62.2,"271,004",Y,Y
ME01,Jay Allen ,gop,"$79,585",14.04445307,"$69,853",20.8738865,37.8,"165,008",N,N
ME02,Jared Golden ,dem,"$5,272,142",81.46145202,"$5,233,990",81.39817891,53,"197,974",Y,Y
ME02,Dale Crafts ,gop,"$1,199,805",18.53854798,"$1,196,117",18.60182109,47,"175,228",N,N
MD01,Andy Harris ,gop,"$1,468,096",99.82837171,"$973,953",100,63.6,"250,901",Y,Y
MD01,Mia Mason ,dem,"$2,524",0.171628293,$0,0,36.4,"143,877",N,N
MD02,Dutch Ruppersberger ,dem,"$1,012,835",93.68083207,"$927,353",93.27179939,67.9,"224,836",Y,Y
MD02,Johnny Ray Salling ,gop,"$68,320",6.319167927,"$66,895",6.72820061,32.1,"106,355",N,N
MD03,John Sarbanes ,dem,"$573,599",98.65874781,"$687,299",99.02858765,69.9,"260,358",Y,Y
MD03,Charles Anthony ,gop,"$7,798",1.341252191,"$6,742",0.971412352,30.1,"112,117",N,N
MD05,Steny H Hoyer ,dem,"$4,587,189",99.06142786,"$4,342,255",99.03988048,68.9,"274,210",Y,Y
MD05,Chris Palombi ,gop,"$43,462",0.938572136,"$42,095",0.960119516,31.1,"123,525",N,N
MD06,David Trone ,dem,"$2,944,893",90.31117547,"$2,959,748",91.88890307,58.9,"215,540",Y,Y
MD06,Neil Parrott ,gop,"$315,936",9.688824529,"$261,259",8.111096933,39.2,"143,599",N,N
MD07,Kweisi Mfume ,dem,"$1,014,126",10.89173191,"$713,389",8.686261262,71.9,"237,084",Y,Y
MD07,Kimberly Klacik ,gop,"$8,296,845",89.10826809,"$7,499,454",91.31373874,28.1,"92,825",N,N
MD08,Jamie Raskin ,dem,"$2,072,652",98.53218022,"$1,399,252",98.08925145,68.4,"274,716",Y,Y
MD08,Gregory Coll ,gop,"$30,876",1.467819777,"$27,257",1.910748548,31.6,"127,157",N,N
MA02,James P McGovern ,dem,"$1,052,549",97.56122203,"$1,089,412",97.99241003,65.4,"249,854",Y,Y
MA02,Tracy Lovvorn ,gop,"$26,311",2.438777969,"$22,319",2.007589966,34.6,"132,220",N,N
MA04,Jake Auchincloss ,dem,"$2,608,686",95.19747735,"$2,150,904",94.32622807,61,"251,102",Y,N
MA04,Julie Hall ,gop,"$131,603",4.802522654,"$129,378",5.673771928,39,"160,474",N,N
MA05,Katherine Clark ,dem,"$1,788,706",92.32788652,"$1,514,877",91.15611587,74.4,"294,427",Y,Y
MA05,Caroline Colarusso ,gop,"$148,635",7.672113479,"$146,972",8.843884131,25.6,"101,351",N,N
MA06,Seth Moulton ,dem,"$1,289,805",81.11853587,"$1,802,169",85.76558115,65.5,"286,377",Y,Y
MA06,John Paul Moran ,gop,"$300,220",18.88146413,"$299,104",14.23441885,34.5,"150,695",N,N
MA09,Bill Keating ,dem,"$708,680",96.16874719,"$652,448",96.48985556,61.3,"260,262",Y,Y
MA09,Helen Brady ,gop,"$28,233",3.831252807,"$23,735",3.510144443,36.4,"154,261",N,N
MI01,John Bergman ,gop,"$1,868,512",84.36767545,"$1,733,466",83.61088415,61.6,"256,581",Y,Y
MI01,Dana Ferguson ,dem,"$346,213",15.63232455,"$339,788",16.38911585,36.8,"153,328",N,N
MI02,Bill Huizenga ,gop,"$2,175,411",74.32253713,"$1,883,610",73.76656273,59.2,"238,711",Y,Y
MI02,Bryan Berghoef ,dem,"$751,576",25.67746287,"$669,864",26.23343727,38.2,"154,122",N,N
MI03,Peter Meijer ,gop,"$2,975,972",43.96404605,"$2,887,774",43.40092063,53,"213,649",Y,N
MI03,Hillary Scholten ,dem,"$3,793,132",56.03595395,"$3,765,942",56.59907937,47,"189,769",N,N
MI04,John Moolenaar ,gop,"$1,528,612",98.51024245,"$1,036,160",97.77280392,65,"242,621",Y,Y
MI04,Jerry Hilliard ,dem,"$23,117",1.489757554,"$23,603",2.227196081,32.4,"120,802",N,N
MI05,Dan Kildee ,dem,"$1,669,951",95.91592923,"$1,504,094",95.48590655,54.5,"196,599",Y,Y
MI05,Tim Kelly ,gop,"$71,106",4.084070769,"$71,106",4.514093448,41.8,"150,772",N,N
MI06,Fred Upton ,gop,"$3,616,380",53.71230193,"$3,464,617",52.79027845,55.9,"211,496",Y,Y
MI06,Jon Hoadley ,dem,"$3,116,491",46.28769807,"$3,098,366",47.20972155,40.2,"152,085",N,N
MI07,Tim Walberg ,gop,"$2,301,635",57.33339976,"$1,586,358",48.08314021,58.8,"227,524",Y,Y
MI07,Gretchen Driskell ,dem,"$1,712,840",42.66660024,"$1,712,840",51.91685979,41.2,"159,743",N,N
MI08,Elissa Slotkin ,dem,"$8,967,420",80.96972757,"$7,419,974",77.96461214,50.9,"217,922",Y,Y
MI08,Paul Junge ,gop,"$2,107,608",19.03027243,"$2,097,131",22.03538786,47.3,"202,525",N,N
MI10,Lisa McClain ,gop,"$2,266,287",98.20437877,"$2,137,031",98.10648508,66.3,"271,607",Y,N
MI10,Kimberly Bizon ,dem,"$41,438",1.795621229,"$41,246",1.89351492,33.7,"138,179",N,N
MI11,Haley Stevens ,dem,"$5,776,924",81.64645053,"$5,707,448",81.54712195,50.2,"226,128",Y,Y
MI11,Eric Esshaki ,gop,"$1,298,612",18.35354947,"$1,291,509",18.45287805,47.8,"215,405",N,N
MI12,Debbie Dingell ,dem,"$1,630,498",99.35312233,"$1,689,582",99.43168677,66.4,"254,957",Y,Y
MI12,Jeff Jones ,gop,"$10,616",0.64687767,"$9,657",0.568313227,30.7,"117,719",N,N
MN01,Jim Hagedorn ,gop,"$2,386,033",32.92131666,"$2,305,994",32.16246859,48.6,"179,234",Y,Y
MN01,Daniel Feehan ,dem,"$4,861,651",67.07868334,"$4,863,835",67.83753141,45.6,"167,890",N,N
MN02,Angie Craig ,dem,"$5,380,101",64.27719678,"$4,435,492",60.00773317,48.2,"204,534",Y,Y
MN02,Tyler Kistner ,gop,"$2,990,054",35.72280322,"$2,956,042",39.99226683,46,"194,954",N,N
MN03,Dean Phillips ,dem,"$2,328,616",55.54185133,"$2,152,031",55.1344074,55.6,"246,666",Y,Y
MN03,Kendall Qualls ,gop,"$1,863,927",44.45814867,"$1,751,214",44.8655926,44.4,"196,625",N,N
MN04,Betty McCollum ,dem,"$1,171,748",98.31560559,"$994,072",98.02050393,63.3,"245,813",Y,Y
MN04,Gene Rechtzigel ,gop,"$20,075",1.684394411,"$20,075",1.979496069,29,"112,730",N,N
MN06,Tom Emmer ,gop,"$2,804,265",98.274334,"$2,537,612",98.0975141,65.8,"270,901",Y,Y
MN06,Tawnja Zahradka ,dem,"$49,242",1.725665996,"$49,214",1.902485904,34.2,"140,853",N,N
MN07,Michelle Fischbach ,gop,"$2,618,450",49.10395986,"$2,580,501",47.36534609,53.4,"194,066",Y,N
MN07,Collin Peterson ,dem,"$2,714,012",50.89604014,"$2,867,577",52.63465391,39.9,"144,840",N,Y
MN08,Pete Stauber ,gop,"$2,593,190",62.8835665,"$2,608,759",63.07804314,56.8,"223,432",Y,Y
MN08,Quinn Nystrom ,dem,"$1,530,606",37.1164335,"$1,527,005",36.92195686,37.6,"147,853",N,N
MS01,Trent Kelly ,gop,"$876,882",97.52202882,"$826,673",97.84884127,68.7,"228,787",Y,Y
MS01,Antonia Eliason ,dem,"$22,281",2.47797118,"$18,174",2.151158731,31.3,"104,008",N,N
MO02,Ann Wagner ,gop,"$5,598,287",53.57604648,"$6,513,101",57.41685462,51.9,"233,157",Y,Y
MO02,Jill Schupp ,dem,"$4,850,948",46.42395352,"$4,830,434",42.58314538,45.5,"204,540",N,N
MO04,Vicky Hartzler ,gop,"$1,700,978",81.11823481,"$1,335,607",77.64123265,67.6,"245,247",Y,Y
MO04,Lindsey Simmons ,dem,"$395,934",18.88176519,"$384,622",22.35876735,29.7,"107,635",N,N
MO05,Emanuel Cleaver ,dem,"$1,393,847",94.7979202,"$928,061",92.38583683,58.8,"207,180",Y,Y
MO05,Ryan Derks ,gop,"$76,488",5.202079798,"$76,488",7.614163172,38.6,"135,934",N,N
MO06,Sam Graves ,gop,"$1,959,516",99.48367405,"$1,654,756",99.36767618,67.1,"258,709",Y,Y
MO06,Gena Ross ,dem,"$10,170",0.516325952,"$10,530",0.632323817,30.8,"118,926",N,N
MO08,Jason Smith ,gop,"$1,900,227",86.26984253,"$1,514,786",83.22208933,76.9,"253,811",Y,Y
MO08,Kathryn Ellis ,dem,"$302,428",13.73015747,"$305,387",16.77791067,21.4,"70,561",N,N
MT01,Matt Rosendale ,gop,"$3,674,706",37.20669665,"$3,488,045",35.88401465,56.4,"339,169",Y,N
MT01,Kathleen Williams ,dem,"$6,201,758",62.79330335,"$6,232,286",64.11598535,43.6,"262,340",N,N
NE01,Jeff Fortenberry ,gop,"$1,472,816",56.29331218,"$2,458,330",68.31159354,59.5,"189,006",Y,Y
NE01,Kate Bolz ,dem,"$1,143,509",43.70668782,"$1,140,371",31.68840646,37.7,"119,622",N,N
NE02,Don Bacon ,gop,"$3,749,272",45.92635021,"$3,713,961",45.39203104,50.8,"171,071",Y,Y
NE02,Kara Eastman ,dem,"$4,414,390",54.07364979,"$4,468,006",54.60796896,46.2,"155,706",N,N
NE03,Adrian Smith ,gop,"$1,506,473",99.98307591,"$1,148,409",100,78.5,"225,157",Y,Y
NE03,Mark Elworth Jr ,dem,$255,0.01692409,$0,0,17.7,"50,690",N,N
NV02,Mark Amodei ,gop,"$1,048,056",69.99083089,"$1,016,673",69.34436561,56.5,"216,078",Y,Y
NV02,Patricia Ackerman ,dem,"$449,363",30.00916911,"$449,449",30.65563439,40.7,"155,780",N,N
NV03,Susie Lee ,dem,"$4,748,019",61.79035403,"$4,732,009",61.87877302,48.8,"203,421",Y,Y
NV03,Dan Rodimer ,gop,"$2,936,059",38.20964597,"$2,915,216",38.12122698,45.8,"190,975",N,N
NV04,Steven Horsford ,dem,"$3,492,372",70.47972773,"$3,024,427",68.05898603,50.7,"168,457",Y,Y
NV04,Jim Marchant ,gop,"$1,462,772",29.52027227,"$1,419,405",31.94101397,45.8,"152,284",N,N
NH01,Chris Pappas ,dem,"$3,205,731",65.25069994,"$3,105,663",64.64173437,51.3,"205,606",Y,Y
NH01,Matt Mowers ,gop,"$1,707,214",34.74930006,"$1,698,761",35.35826563,46.2,"185,159",N,N
NJ01,Don Norcross ,dem,"$2,221,989",98.38300401,"$1,087,264",98.03782602,62.5,"240,567",Y,Y
NJ01,Claire Gustafson ,gop,"$36,520",1.616995992,"$21,761",1.962173982,37.5,"144,463",N,N
NJ02,Jeff Van Drew ,gop,"$4,229,171",45.90165981,"$4,041,493",44.80389242,51.9,"195,526",Y,Y
NJ02,Amy Kennedy ,dem,"$4,984,376",54.09834019,"$4,978,913",55.19610758,46.2,"173,849",N,N
NJ03,Andy Kim ,dem,"$7,241,283",83.09033716,"$6,753,262",82.1174113,53.2,"229,840",Y,Y
NJ03,David Richter ,gop,"$1,473,669",16.90966284,"$1,470,648",17.8825887,45.5,"196,327",N,N
NJ05,Josh Gottheimer ,dem,"$7,694,027",79.59837824,"$3,487,964",64.15626922,53.2,"225,175",Y,Y
NJ05,Frank Pallotta ,gop,"$1,972,033",20.40162176,"$1,948,705",35.84373078,45.6,"193,333",N,N
NJ09,Bill Pascrell Jr. ,dem,"$1,560,550",97.24149577,"$1,795,410",98.08384117,65.8,"203,674",Y,Y
NJ09,Billy Prempeh ,gop,"$44,269",2.75850423,"$35,075",1.916158832,31.9,"98,629",N,N
NJ11,Mikie Sherrill ,dem,"$6,419,707",79.18487416,"$3,733,106",68.88485724,53.3,"235,163",Y,Y
NJ11,Rosemary Becchi ,gop,"$1,687,532",20.81512584,"$1,686,236",31.11514276,46.7,"206,013",N,N
NJ12,Bonnie Watson Coleman ,dem,"$798,439",99.61759392,"$840,651",99.86433719,65.6,"230,883",Y,Y
NJ12,Mark Razzoli ,gop,"$3,065",0.382406077,"$1,142",0.135662805,32.6,"114,591",N,N
NM01,Debra Haaland ,dem,"$2,246,734",89.72479541,"$1,875,766",88.42297097,58.2,"186,953",Y,Y
NM01,Michelle Garcia Holmes ,gop,"$257,294",10.27520459,"$245,590",11.57702903,41.8,"134,337",N,N
NM02,Yvette Herrell ,gop,"$2,805,711",25.06655024,"$2,921,785",25.49361522,53.7,"142,283",Y,N
NM02,Xochitl Torres Small ,dem,"$8,387,337",74.93344976,"$8,539,065",74.50638478,46.3,"122,546",N,Y
NM03,Teresa Leger Fernandez ,dem,"$2,296,594",93.97261832,"$2,132,010",93.53739482,58.7,"186,282",Y,N
NM03,Alexis Johnson ,gop,"$147,303",6.027381678,"$147,303",6.46260518,41.3,"131,166",N,N
NY01,Lee Zeldin ,gop,"$8,396,981",51.63172484,"$8,250,116",51.20767412,54.9,"205,715",Y,Y
NY01,Nancy Goroff ,dem,"$7,866,239",48.36827516,"$7,860,977",48.79232588,45.1,"169,294",N,N
NY02,Andrew Garbarino ,gop,"$1,743,986",28.60931841,"$1,612,132",27.11007403,52.9,"177,379",Y,N
NY02,Jackie Gordon ,dem,"$4,351,881",71.39068159,"$4,334,484",72.88992597,46,"154,246",N,N
NY03,Tom Suozzi ,dem,"$2,941,006",81.69713011,"$2,331,302",79.76969356,56,"208,555",Y,Y
NY03,George Devolder-Santos ,gop,"$658,883",18.30286989,"$591,239",20.23030644,43.5,"161,931",N,N
NY04,Kathleen Rice ,dem,"$1,106,258",89.12846088,"$1,210,410",90.23449294,56.1,"199,762",Y,Y
NY04,Douglas Tuman ,gop,"$134,937",10.87153912,"$130,995",9.765507062,43,"153,007",N,N
NY06,Grace Meng ,dem,"$1,292,084",90.64158424,"$1,872,311",93.44785782,68,"158,862",Y,Y
NY06,Thomas Zmich ,gop,"$133,403",9.358415755,"$131,278",6.552142181,32,"74,829",N,N
NY10,Jerrold Nadler ,dem,"$1,848,688",97.36788466,"$1,950,774",98.56585477,74.6,"206,310",Y,Y
NY10,Cathy Bernstein ,gop,"$49,975",2.632115336,"$28,384",1.434145227,24.2,"66,889",N,N
NY11,Nicole Malliotakis ,gop,"$3,469,995",27.20619637,"$3,447,052",26.62578186,53.1,"155,608",Y,N
NY11,Max Rose ,dem,"$9,284,434",72.79380363,"$9,499,242",73.37421814,46.9,"137,198",N,Y
NY13,Adriano Espaillat ,dem,"$1,087,237",96.50423701,"$1,252,740",96.95199532,90.9,"231,841",Y,Y
NY13,Lovelynn Gwinn ,gop,"$39,384",3.495762994,"$39,384",3.048004681,7.8,"19,829",N,N
NY14,Alexandria Ocasio-Cortez ,dem,"$20,664,795",64.97192078,"$16,735,422",60.45339444,71.6,"152,661",Y,Y
NY14,John C. Cummings ,gop,"$11,140,937",35.02807922,"$10,947,758",39.54660556,27.4,"58,440",N,N
NY17,Mondaire Jones ,dem,"$2,984,052",98.19888482,"$2,186,463",97.32549553,59.3,"197,353",Y,N
NY17,Maureen McArdle Schulman ,gop,"$54,732",1.801115183,"$60,084",2.674504473,35.3,"117,307",N,N
NY18,Sean Patrick Maloney ,dem,"$2,556,294",68.30435764,"$1,718,525",59.86538236,55.8,"187,169",Y,Y
NY18,Chele Farley ,gop,"$1,186,211",31.69564236,"$1,152,124",40.13461764,43.3,"145,098",N,N
NY19,Antonio Delgado ,dem,"$5,949,475",97.48010534,"$2,963,286",96.1050249,54.8,"192,100",Y,Y
NY19,Kyle Van De Water ,gop,"$153,796",2.51989466,"$120,097",3.894975097,43.2,"151,475",N,N
NY20,Paul Tonko ,dem,"$1,541,984",80.61245188,"$1,418,994",80.81572399,61.2,"219,705",Y,Y
NY20,Elizabeth Joy ,gop,"$370,852",19.38754812,"$336,845",19.18427601,38.8,"139,446",N,N
NY21,Elise Stefanik ,gop,"$13,287,248",70.39959275,"$11,655,936",67.5737695,58.8,"188,649",Y,Y
NY21,Tedra Cobb ,dem,"$5,586,793",29.60040725,"$5,593,266",32.4262305,41.2,"131,992",N,N
NY22,Claudia Tenney ,gop,"$3,051,777",33.63963956,"$2,725,893",32.07566152,49,"155,348",N,N
NY22,Anthony Brindisi ,dem,"$6,020,190",66.36036044,"$5,772,429",67.92433848,48.9,"154,997",N,Y
NY23,Tom Reed ,gop,"$3,275,177",69.30859577,"$3,145,027",68.20475564,57.7,"181,060",Y,Y
NY23,Tracy Mitrano ,dem,"$1,450,322",30.69140423,"$1,466,128",31.79524436,41.1,"129,014",N,N
NY24,John Katko ,gop,"$3,821,107",54.32666115,"$3,597,234",52.6832436,53.2,"182,668",Y,Y
NY24,Dana Balter ,dem,"$3,212,469",45.67333885,"$3,230,808",47.3167564,43,"147,721",N,N
NY25,Joseph D Morelle ,dem,"$1,375,366",82.02609585,"$1,274,426",82.03721597,59.3,"206,396",Y,Y
NY25,George Mitris ,gop,"$301,376",17.97390415,"$279,047",17.96278403,39.1,"136,198",N,N
NC01,G K Butterfield ,dem,"$1,032,869",41.4599694,"$880,420",37.97819452,54.2,"188,870",Y,Y
NC01,Sandy Smith ,gop,"$1,458,375",58.5400306,"$1,437,805",62.02180548,45.8,"159,748",N,N
NC02,Deborah Ross ,dem,"$2,268,381",94.98903915,"$1,816,923",93.83197735,63,"311,887",Y,N
NC02,Alan Swain ,gop,"$119,664",5.010960849,"$119,435",6.168022649,34.8,"172,544",N,N
NC05,Virginia Foxx ,gop,"$1,858,388",96.79184827,"$1,944,629",96.97461274,66.9,"257,843",Y,Y
NC05,David Wilson Brown ,dem,"$61,596",3.208151735,"$60,668",3.025387262,31.1,"119,846",N,N
NC06,Kathy Manning ,dem,"$2,002,284",96.44160716,"$1,695,596",96.67365665,62.3,"253,531",Y,N
NC06,Lee Haywood ,gop,"$73,878",3.558392842,"$58,342",3.326343349,37.7,"153,598",N,N
NC07,David Rouzer ,gop,"$1,628,458",99.01138067,"$1,038,883",99.60508225,60.3,"272,443",Y,Y
NC07,Christopher Ward ,dem,"$16,260",0.988619326,"$4,119",0.394917747,39.7,"179,045",N,N
NC08,Richard Hudson ,gop,"$4,135,872",51.75264324,"$4,359,009",53.08305478,53.3,"202,774",Y,Y
NC08,Patricia Timmons-Goodson ,dem,"$3,855,743",48.24735676,"$3,852,668",46.91694522,46.7,"177,781",N,N
NC09,Dan Bishop ,gop,"$4,090,260",83.44286638,"$4,029,864",83.53497103,55.6,"224,661",Y,Y
NC09,Cynthia Wallace ,dem,"$811,609",16.55713362,"$794,300",16.46502897,44.4,"179,463",N,N
NC10,Patrick McHenry ,gop,"$2,780,234",98.91293868,"$2,339,363",98.71071489,68.9,"284,095",Y,Y
NC10,David Parker ,dem,"$30,555",1.08706132,"$30,555",1.289285115,31.1,"128,189",N,N
NC11,Madison Cawthorn ,gop,"$4,478,970",66.54851589,"$4,366,783",67.02758782,54.5,"245,351",Y,N
NC11,Moe Davis ,dem,"$2,251,413",33.45148411,"$2,148,121",32.97241218,42.3,"190,609",N,N
NC13,Ted Budd ,gop,"$2,294,174",92.22780389,"$1,293,414",87.19364749,68.2,"267,181",Y,Y
NC13,Scott Huffman ,dem,"$193,334",7.77219611,"$189,967",12.80635251,31.8,"124,684",N,N
ND01,Kelly Armstrong ,gop,"$1,269,346",97.83820323,"$1,080,105",97.6468493,69,"245,229",Y,Y
ND01,Zach Raknerud ,dem,"$28,047",2.161796772,"$26,029",2.353150703,27.6,"97,970",N,N
OH01,Steve Chabot ,gop,"$3,177,647",44.02423126,"$2,861,464",41.46290925,51.8,"199,560",Y,Y
OH01,Kate Schroder ,dem,"$4,040,303",55.97576874,"$4,039,798",58.53709075,44.6,"172,022",N,N
OH02,Brad Wenstrup ,gop,"$1,794,354",86.32715772,"$1,757,078",86.6174788,61.1,"230,430",Y,Y
OH02,Jaime Castle ,dem,"$284,197",13.67284228,"$271,471",13.3825212,38.9,"146,781",N,N
OH05,Bob Latta ,gop,"$1,580,952",86.37802817,"$1,477,090",85.65258714,68,"257,019",Y,Y
OH05,Nick Rubando ,dem,"$249,319",13.62197183,"$247,423",14.34741286,32,"120,962",N,N
OH06,Bill Johnson ,gop,"$1,866,123",99.98596217,"$1,853,361",99.96903883,74.4,"249,130",Y,Y
OH06,Shawna Roberts ,dem,$262,0.014037832,$574,0.030961172,25.6,"85,661",N,N
OH07,Bob Gibbs ,gop,"$791,888",98.38780216,"$453,928",97.22084197,67.5,"236,607",Y,Y
OH07,Quentin Potter ,dem,"$12,976",1.612197837,"$12,976",2.779158028,29.2,"102,271",N,N
OH08,Warren Davidson ,gop,"$1,016,740",96.19019688,"$841,533",95.72893904,69,"246,277",Y,Y
OH08,Vanessa Enoch ,dem,"$40,270",3.809803124,"$37,546",4.271060963,31,"110,766",N,N
OH09,Marcy Kaptur ,dem,"$1,090,395",88.99055165,"$979,798",88.8254492,63.1,"190,328",Y,Y
OH09,Rob Weber ,gop,"$134,898",11.00944835,"$123,262",11.1745508,36.9,"111,385",N,N
OH10,Michael R Turner ,gop,"$1,752,255",46.19689086,"$1,736,283",46.17414122,58.4,"212,972",Y,Y
OH10,Desiree Tims ,dem,"$2,040,760",53.80310914,"$2,024,010",53.82585878,41.6,"151,976",N,N
OH11,Marcia Fudge ,dem,"$755,787",82.79593923,"$499,820",76.11700046,80.1,"242,098",Y,Y
OH11,Laverne Gore ,gop,"$157,044",17.20406077,"$156,827",23.88299954,19.9,"60,323",N,N
OH12,Troy Balderson ,gop,"$2,016,826",66.11380226,"$1,995,665",66.05810845,55.2,"241,790",Y,Y
OH12,Alaina Shearer ,dem,"$1,033,711",33.88619774,"$1,025,410",33.94189155,41.8,"182,847",N,N
OH13,Tim Ryan ,dem,"$1,972,446",69.59521468,"$2,071,454",71.62421675,52.5,"173,631",Y,Y
OH13,Christina Hagan ,gop,"$861,723",30.40478532,"$820,660",28.37578325,44.9,"148,648",N,N
OH14,David P Joyce ,gop,"$2,917,696",83.42058908,"$2,501,449",81.31897747,60.1,"238,864",Y,Y
OH14,Hillary O'Connor Mueri ,dem,"$579,877",16.57941092,"$574,646",18.68102253,39.9,"158,586",N,N
OH15,Steve Stivers ,gop,"$3,004,799",98.17692371,"$2,293,101",97.62454564,63.4,"243,103",Y,Y
OH15,Joel Newby ,dem,"$55,797",1.82307629,"$55,797",2.375454362,36.6,"140,183",N,N
OK01,Kevin Hern ,gop,"$1,094,104",87.42627605,"$830,366",82.68156536,63.7,"213,700",Y,Y
OK01,Kojo Asamoa-Caesar ,dem,"$157,355",12.57372395,"$173,928",17.31843464,32.7,"109,641",N,N
OK02,Markwayne Mullin ,gop,"$1,660,206",97.54808641,"$1,077,939",96.27369356,75,"216,511",Y,Y
OK02,Danyell Lanier ,dem,"$41,730",2.451913585,"$41,722",3.726306445,22,"63,472",N,N
OK04,Tom Cole ,gop,"$1,812,530",100.1151098,"$1,753,697",99.90890425,67.8,"213,096",Y,Y
OK04,Mary Brannon ,dem,"-$2,084",-0.115109757,"$1,599",0.091095747,28.8,"90,459",N,N
OK05,Stephanie Bice ,gop,"$3,720,520",38.47359756,"$3,508,929",37.11140118,52.1,"158,191",Y,N
OK05,Kendra Horn ,dem,"$5,949,800",61.52640244,"$5,946,195",62.88859882,47.9,"145,658",N,Y
OR01,Suzanne Bonamici ,dem,"$959,223",99.9849901,"$864,627",99.92233898,64.7,"297,071",Y,Y
OR01,Chris Christensen ,gop,$144,0.015009897,$672,0.077661017,35.3,"161,928",N,N
OR02,Cliff Bentz ,gop,"$1,450,780",98.59727338,"$1,361,727",99.62767483,59.9,"273,835",Y,N
OR02,Alex Spenser ,dem,"$20,640",1.402726618,"$5,089",0.37232517,37,"168,881",N,N
OR03,Earl Blumenauer ,dem,"$1,813,365",99.03437707,"$1,948,453",99.26121587,73.1,"343,574",Y,Y
OR03,Joanna Harbour ,gop,"$17,681",0.965622928,"$14,502",0.738784129,23.5,"110,570",N,N
OR04,Peter DeFazio ,dem,"$5,182,843",48.72254327,"$5,781,074",52.02392152,51.6,"240,950",Y,Y
OR04,Alek Skarlatos ,gop,"$5,454,621",51.27745673,"$5,331,264",47.97607848,46.3,"216,081",N,N
OR05,Kurt Schrader ,dem,"$2,018,692",89.70704559,"$1,922,073",89.68598964,52,"234,863",Y,Y
OR05,Amy Ryan Courser ,gop,"$231,624",10.29295441,"$221,041",10.31401036,45.2,"204,372",N,N
PA01,Brian Fitzpatrick ,gop,"$4,203,825",64.2723899,"$4,272,135",64.71085598,56.6,"249,804",Y,Y
PA01,Christina Finello ,dem,"$2,336,814",35.7276101,"$2,329,748",35.28914402,43.4,"191,875",N,N
PA04,Madeleine Dean ,dem,"$1,435,995",58.93960065,"$1,005,928",53.20771324,59.5,"264,637",Y,Y
PA04,Kathy Barnette ,gop,"$1,000,389",41.06039935,"$884,640",46.79228676,40.5,"179,926",N,N
PA05,Mary Gay Scanlon ,dem,"$1,455,042",93.26068397,"$1,350,276",94.24609116,64.7,"255,743",Y,Y
PA05,Dasha Pruett ,gop,"$105,146",6.739316031,"$82,437",5.753908843,35.3,"139,552",N,N
PA06,Chrissy Houlahan ,dem,"$3,484,484",85.12562959,"$1,327,283",68.81845704,56.1,"226,440",Y,Y
PA06,John Emmons ,gop,"$608,859",14.87437041,"$601,390",31.18154296,43.9,"177,526",N,N
PA08,Matt Cartwright ,dem,"$3,885,136",71.88488903,"$4,144,070",74.93648408,51.8,"178,004",Y,Y
PA08,Jim Bognet ,gop,"$1,519,527",28.11511097,"$1,386,040",25.06351592,48.2,"165,783",N,N
PA09,Dan Meuser ,gop,"$1,071,961",85.02579421,"$944,010",83.44043176,66.3,"232,988",Y,Y
PA09,Gary Wegman ,dem,"$188,787",14.97420579,"$187,348",16.55956824,33.7,"118,266",N,N
PA10,Scott Perry ,gop,"$3,956,481",46.59583767,"$3,839,197",45.89112611,55.6,"229,028",N,Y
PA10,Eugene DePasquale ,dem,"$4,534,580",53.40416233,"$4,526,684",54.10887389,44.4,"182,938",N,N
PA11,Lloyd Smucker ,gop,"$1,349,318",97.9149538,"$662,704",96.58127381,63.1,"241,915",Y,Y
PA11,Sarah Hammond ,dem,"$28,733",2.085046199,"$23,458",3.41872619,36.9,"141,325",N,N
PA12,Fred Keller ,gop,"$1,541,938",97.1123349,"$1,066,158",95.98723001,70.8,"241,035",Y,Y
PA12,Lee Griffin ,dem,"$45,850",2.887665104,"$44,571",4.012769992,29.2,"99,199",N,N
PA13,John Joyce ,gop,"$1,119,769",94.88626975,"$461,229",87.22908109,73.5,"267,789",Y,Y
PA13,Todd Rowley ,dem,"$60,348",5.113730249,"$67,527",12.77091891,26.5,"96,612",N,N
PA14,Guy Reschenthaler ,gop,"$2,250,282",97.38592668,"$1,580,488",97.17427005,64.7,"241,688",Y,Y
PA14,Bill Marx ,dem,"$60,403",2.614073316,"$45,959",2.82572995,35.3,"131,895",N,N
PA16,Mike Kelly ,gop,"$2,239,488",79.31060494,"$1,319,340",69.48308741,59.3,"210,088",Y,Y
PA16,Kristy Gnibus ,dem,"$584,205",20.68939506,"$579,453",30.51691259,40.7,"143,962",N,N
PA17,Conor Lamb ,dem,"$4,063,114",50.79598564,"$3,448,850",48.02576822,51.1,"222,253",Y,Y
PA17,Sean Parnell ,gop,"$3,935,774",49.20401436,"$3,732,399",51.97423178,48.9,"212,284",N,N
RI02,Jim Langevin ,dem,"$1,102,312",95.20244658,"$1,422,339",96.74353972,58.4,"154,086",Y,Y
RI02,Bob Lancia ,gop,"$55,549",4.79755342,"$47,877",3.256460275,41.6,"109,894",N,N
SC01,Nancy Mace ,gop,"$5,766,726",45.37702094,"$5,707,239",44.93464043,50.6,"216,042",Y,N
SC01,Joe Cunningham ,dem,"$6,941,746",54.62297906,"$6,993,962",55.06535957,49.4,"210,627",N,Y
SC02,Joe Wilson ,gop,"$1,648,065",39.63037,"$1,723,956",40.73985849,55.7,"202,715",Y,Y
SC02,Adair Boroughs ,dem,"$2,510,526",60.36963,"$2,507,664",59.26014151,42.6,"155,118",N,N
SC03,Jeff Duncan ,gop,"$1,509,647",97.21713663,"$1,271,872",96.57496437,71.3,"237,544",Y,Y
SC03,Hosea Cleveland ,dem,"$43,214",2.782863373,"$45,107",3.425035631,28.7,"95,712",N,N
SC04,William Timmons ,gop,"$977,784",85.35058646,"$982,233",85.43080572,61.7,"222,126",Y,Y
SC04,Kim Nelson ,dem,"$167,825",14.64941354,"$167,508",14.56919428,36.9,"133,023",N,N
SC05,Ralph Norman ,gop,"$991,246",67.34493109,"$859,747",64.30216852,60.1,"220,006",Y,Y
SC05,Moe Brown ,dem,"$480,648",32.65506891,"$477,295",35.69783148,39.9,"145,979",N,N
SC07,Tom Rice ,gop,"$1,405,738",90.49654266,"$1,242,208",89.37834888,61.8,"224,993",Y,Y
SC07,Melissa Watson ,dem,"$147,623",9.503457342,"$147,623",10.62165112,38.2,"138,863",N,N
TN01,Diana Harshbarger ,gop,"$2,126,946",93.81564119,"$1,869,100",93.26404187,74.7,"228,181",Y,N
TN01,Blair Nicole Walsingham ,dem,"$140,209",6.184358811,"$134,995",6.735958126,22.5,"68,617",N,N
TN02,Tim Burchett ,gop,"$1,336,276",62.17955757,"$878,488",51.81960985,67.6,"238,907",Y,Y
TN02,Renee Hoyos ,dem,"$812,784",37.82044243,"$816,793",48.18039015,31.1,"109,684",N,N
TN03,Chuck Fleischmann ,gop,"$1,051,653",92.4533361,"$381,411",83.0651326,67.3,"215,571",Y,Y
TN03,Meg Gorman ,dem,"$85,843",7.5466639,"$77,760",16.9348674,30.5,"97,687",N,N
TN07,Mark Green ,gop,"$1,194,960",85.256606,"$935,487",81.8679453,69.9,"245,188",Y,Y
TN07,Kiran Sreepada ,dem,"$206,644",14.743394,"$207,191",18.1320547,27.3,"95,839",N,N
TN08,David Kustoff ,gop,"$1,641,217",98.8514034,"$999,285",98.43543138,68.5,"227,216",Y,Y
TN08,Erika Stotts Pearson ,dem,"$19,070",1.148596598,"$15,883",1.564568623,29.5,"97,890",N,N
TN09,Steve Cohen ,dem,"$607,570",85.9707634,"$457,311",81.97844196,77.4,"187,905",Y,Y
TN09,Charlotte Bergmann ,gop,"$99,147",14.0292366,"$100,532",18.02155804,20.1,"48,818",N,N
TX01,Louie Gohmert ,gop,"$552,915",36.35039808,"$580,441",44.14496841,72.6,"219,726",Y,Y
TX01,Hank Gilbert ,dem,"$968,155",63.64960192,"$734,411",55.85503159,27.4,"83,016",N,N
TX02,Dan Crenshaw ,gop,"$19,427,865",83.52276699,"$17,596,329",82.14286448,55.6,"192,828",Y,Y
TX02,Sima Ladjevardian ,dem,"$3,832,697",16.47723301,"$3,825,287",17.85713552,42.8,"148,374",N,N
TX03,Van Taylor ,gop,"$2,655,327",61.88834806,"$2,825,378",63.34614361,55.1,"230,512",Y,Y
TX03,Helane Seikaly ,dem,"$1,635,185",38.11165194,"$1,634,843",36.65385639,42.9,"179,458",N,N
TX05,Lance Gooden ,gop,"$1,610,327",83.51560413,"$1,311,983",81.94285786,62,"173,836",Y,Y
TX05,Carolyn Salter ,dem,"$317,848",16.48439587,"$289,112",18.05714214,35.9,"100,743",N,N
TX06,Ron Wright ,gop,"$912,134",57.27556551,"$907,693",57.25826851,52.8,"179,507",Y,Y
TX06,Stephen Daniel ,dem,"$680,402",42.72443449,"$677,568",42.74173149,44,"149,530",N,N
TX07,Lizzie Fletcher ,dem,"$6,265,165",45.43520889,"$6,246,136",46.10967841,50.8,"159,529",Y,Y
TX07,Wesley Hunt ,gop,"$7,524,064",54.56479111,"$7,300,122",53.89032159,47.5,"149,054",N,N
TX08,Kevin Brady ,gop,"$3,570,477",99.51983218,"$3,190,447",99.53263652,72.5,"277,327",Y,Y
TX08,Elizabeth Hernandez ,dem,"$17,227",0.480167818,"$14,981",0.467363485,25.5,"97,409",N,N
TX09,Al Green ,dem,"$460,332",83.65155543,"$486,155",84.61918711,75.5,"172,938",Y,Y
TX09,Johnny Teague ,gop,"$89,965",16.34844457,"$88,366",15.38081289,21.6,"49,575",N,N
TX10,Michael McCaul ,gop,"$3,856,477",57.29934745,"$3,910,930",58.01968491,52.5,"217,216",Y,Y
TX10,Mike Siegel ,dem,"$2,873,926",42.70065255,"$2,829,765",41.98031509,45.3,"187,686",N,N
TX11,August Pfluger ,gop,"$2,578,540",94.92944369,"$1,984,134",93.6232438,79.7,"232,568",Y,N
TX11,Jon Mark Hogg ,dem,"$137,730",5.070556314,"$135,141",6.376756202,18.3,"53,394",N,N
TX12,Kay Granger ,gop,"$3,161,288",96.97937236,"$3,271,815",97.07814461,63.7,"233,853",Y,Y
TX12,Lisa Welch ,dem,"$98,465",3.020627637,"$98,475",2.921855389,33,"121,250",N,N
TX13,Ronny Jackson ,gop,"$2,128,271",98.93886701,"$1,741,132",98.93065265,79.4,"217,124",Y,N
TX13,Gus Trujillo ,dem,"$22,826",1.061132994,"$18,820",1.069347346,18.5,"50,477",N,N
TX14,Randy Weber ,gop,"$936,202",79.27492642,"$924,659",79.32949151,61.6,"190,541",Y,Y
TX14,Adrienne Bell ,dem,"$244,754",20.72507358,"$240,934",20.67050849,38.4,"118,574",N,N
TX16,Veronica Escobar ,dem,"$1,135,549",87.04553155,"$1,087,693",87.62079455,64.7,"154,108",Y,Y
TX16,Irene Armendariz-Jackson ,gop,"$168,997",12.95446845,"$153,671",12.37920545,35.3,"84,006",N,N
TX17,Pete Sessions ,gop,"$1,447,958",87.82816721,"$1,658,637",89.13890386,55.9,"171,390",Y,N
TX17,Rick Kennedy ,dem,"$200,668",12.17183279,"$202,096",10.86109614,40.9,"125,565",N,N
TX18,Sheila Jackson Lee ,dem,"$924,480",75.15333808,"$838,414",75.55375726,73.3,"180,952",Y,Y
TX18,Wendell Champion ,gop,"$305,645",24.84666192,"$271,278",24.44624274,23.5,"58,033",N,N
TX19,Jodey Arrington ,gop,"$2,497,184",98.05995392,"$1,932,700",96.94979599,74.8,"198,198",Y,Y
TX19,Tom Watson ,dem,"$49,405",1.940046077,"$60,806",3.050204012,22.9,"60,583",N,N
TX20,Joaquin Castro ,dem,"$674,061",71.91103895,"$686,934",74.03391014,64.7,"175,078",Y,Y
TX20,Mauro Garza ,gop,"$263,293",28.08896105,"$240,930",25.96608986,33.1,"89,628",N,N
TX21,Chip Roy ,gop,"$5,005,639",32.7827495,"$4,679,362",31.44471333,52,"235,740",Y,Y
TX21,Wendy Davis ,dem,"$10,263,486",67.2172505,"$10,201,874",68.55528667,45.4,"205,780",N,N
TX22,Troy Nehls ,gop,"$1,806,655",24.2643555,"$1,787,448",24.09756542,51.5,"210,259",Y,N
TX22,Sri Kulkarni ,dem,"$5,639,061",75.7356445,"$5,630,098",75.90243458,44.6,"181,998",N,N
TX23,Tony Gonzales ,gop,"$2,797,133",29.2821299,"$2,764,108",28.77316597,50.6,"149,395",Y,N
TX23,Gina Ortiz Jones ,dem,"$6,755,222",70.7178701,"$6,842,440",71.22683403,46.6,"137,693",N,N
TX24,Beth Van Duyne ,gop,"$3,410,852",41.1052452,"$3,342,442",40.67481572,48.8,"167,910",Y,N
TX24,Candace Valenzuela ,dem,"$4,886,999",58.8947548,"$4,875,031",59.32518428,47.5,"163,326",N,N
TX25,Roger Williams ,gop,"$2,435,121",52.64593767,"$3,347,267",60.59952719,55.9,"220,088",Y,Y
TX25,Julie Oliver ,dem,"$2,190,347",47.35406233,"$2,176,319",39.40047281,42.1,"165,697",N,N
TX26,Michael Burgess ,gop,"$1,806,588",94.95738558,"$2,081,391",95.59381958,60.6,"261,963",Y,Y
TX26,Carol Iannuzzi ,dem,"$95,937",5.04261442,"$95,937",4.406180419,37.3,"161,009",N,N
TX27,Michael Cloud ,gop,"$1,014,427",76.47262807,"$829,748",72.66736962,63.1,"172,305",Y,Y
TX27,Ricardo De La Fuente ,dem,"$312,096",23.52737193,"$312,096",27.33263038,34.9,"95,466",N,N
TX28,Henry Cuellar ,dem,"$2,655,317",99.07614595,"$3,650,848",99.25632143,58.3,"137,494",Y,Y
TX28,Sandra Whitten ,gop,"$24,760",0.923854053,"$27,354",0.743678569,39,"91,925",N,N
TX29,Sylvia Garcia ,dem,"$818,984",99.46827762,"$758,382",100,71.1,"111,305",Y,Y
TX29,Jaimy Blanco ,gop,"$4,378",0.531722377,$0,0,27.4,"42,840",N,N
TX31,John Carter ,gop,"$2,160,187",67.60283269,"$2,214,487",68.14311461,53.5,"212,695",Y,Y
TX31,Donna Imam ,dem,"$1,035,222",32.39716731,"$1,035,272",31.85688539,44.3,"176,293",N,N
TX32,Colin Allred ,dem,"$5,667,725",48.89845452,"$5,611,747",48.68348694,51.9,"178,542",Y,Y
TX32,Genevieve Collins ,gop,"$5,923,081",51.10154548,"$5,915,256",51.31651306,45.9,"157,867",N,N
TX33,Marc Veasey ,dem,"$1,621,929",97.78780083,"$1,613,446",98.43901671,66.8,"105,317",Y,Y
TX33,Fabian Cordova Vasquez ,gop,"$36,692",2.21219917,"$25,585",1.560983288,25.2,"39,638",N,N
TX34,Filemon Vela ,dem,"$983,026",96.36149406,"$1,024,180",96.47276913,55.4,"111,439",Y,Y
TX34,Rey Gonzalez ,gop,"$37,118",3.638505936,"$37,446",3.52723087,41.8,"84,119",N,N
TX35,Lloyd Doggett ,dem,"$1,336,576",98.59758171,"$424,804",96.712093,65.4,"176,373",Y,Y
TX35,Jennifer Sharon ,gop,"$19,011",1.402418288,"$14,442",3.287907004,29.9,"80,795",N,N
TX36,Brian Babin ,gop,"$1,345,351",98.41163368,"$1,297,185",99.06236373,73.6,"222,712",Y,Y
TX36,Brandon Rashad Lewis ,dem,"$21,714",1.588366318,"$12,278",0.937636268,24.3,"73,418",N,N
UT01,Blake Moore ,gop,"$844,377",95.34572801,"$816,015",95.22662002,69.6,"237,988",Y,N
UT01,Darren Parry ,dem,"$41,218",4.654271987,"$40,904",4.773379981,30.4,"104,194",N,N
UT02,Chris Stewart ,gop,"$835,139",70.77971003,"$812,462",72.5844118,59,"208,997",Y,Y
UT02,John Kael Weston ,dem,"$344,774",29.22028997,"$306,872",27.4155882,36.6,"129,762",N,N
UT03,John Curtis ,gop,"$874,311",82.03923534,"$687,265",78.32392175,68.8,"246,674",Y,Y
UT03,Devin Thorpe ,dem,"$191,412",17.96076466,"$190,200",21.67607825,26.8,"96,067",N,N
UT04,Burgess Owens ,gop,"$5,129,475",47.74706211,"$5,049,146",47.61217558,47.7,"179,688",Y,N
UT04,Ben McAdams ,dem,"$5,613,542",52.25293789,"$5,555,591",52.38782442,46.7,"175,923",N,Y
VA01,Rob Wittman ,gop,"$1,969,785",55.81877943,"$2,140,375",57.85605718,58.2,"260,614",Y,Y
VA01,Qasim Rashid ,dem,"$1,559,108",44.18122057,"$1,559,108",42.14394282,41.8,"186,923",N,N
VA02,Elaine Luria ,dem,"$6,522,276",72.67509701,"$6,387,474",72.30651885,51.6,"185,733",Y,Y
VA02,Scott Taylor ,gop,"$2,452,292",27.32490299,"$2,446,410",27.69348115,45.9,"165,031",N,N
VA03,Bobby Scott ,dem,"$873,126",83.93247151,"$832,419",83.45060998,68.5,"233,326",Y,Y
VA03,John Collick ,gop,"$167,146",16.06752849,"$165,080",16.54939002,31.5,"107,299",N,N
VA04,Donald McEachin ,dem,"$961,412",63.80632427,"$963,788",64.80479984,61.7,"241,142",Y,Y
VA04,Leon Benjamin ,gop,"$545,354",36.19367573,"$523,429",35.19520016,38.3,"149,625",N,N
VA05,Bob Good ,gop,"$1,373,867",19.26940564,"$1,323,530",18.70858161,52.6,"210,988",Y,N
VA05,Cameron Webb ,dem,"$5,755,917",80.73059436,"$5,750,924",81.29141839,47.4,"190,315",N,N
VA06,Ben Cline ,gop,"$892,955",94.0799351,"$672,928",92.54538028,64.7,"246,606",Y,Y
VA06,Nicholas Betts ,dem,"$56,190",5.920064901,"$54,205",7.454619719,35.3,"134,729",N,N
VA07,Abigail Spanberger ,dem,"$8,387,680",69.79780748,"$7,852,213",68.56438097,50.9,"230,893",Y,Y
VA07,Nick Freitas ,gop,"$3,629,431",30.20219252,"$3,600,108",31.43561903,49.1,"222,623",N,N
VA08,Don Beyer ,dem,"$1,729,482",94.73929851,"$2,071,906",95.57022078,76,"301,454",Y,Y
VA08,Jeff Jordan ,gop,"$96,035",5.260701489,"$96,035",4.429779224,24,"95,365",N,N
VA10,Jennifer Wexton ,dem,"$3,855,331",71.09314911,"$1,772,250",55.63674207,56.6,"268,734",Y,Y
VA10,Aliscia Andrews ,gop,"$1,567,598",28.90685089,"$1,413,145",44.36325793,43.4,"206,253",N,N
VA11,Gerry Connolly ,dem,"$1,998,592",87.62894915,"$1,811,776",87.10034412,71.6,"280,725",Y,Y
VA11,Manga Anantatmula ,gop,"$282,152",12.37105085,"$268,326",12.89965588,28.4,"111,380",N,N
WA01,Suzan DelBene ,dem,"$2,182,985",97.23958832,"$1,897,162",96.82159351,58.6,"249,944",Y,Y
WA01,Jeffrey Beeler ,gop,"$61,970",2.760411679,"$62,279",3.178406495,41.4,"176,407",N,N
WA02,Rick Larsen ,dem,"$1,275,127",96.26469778,"$1,219,489",96.11273862,63.2,"255,252",Y,Y
WA02,Tim Hazelo ,gop,"$49,478",3.735302222,"$49,322",3.887261381,36.8,"148,384",N,N
WA03,Jaime Herrera Beutler ,gop,"$4,566,383",52.50573105,"$4,540,148",52.28878639,56.5,"235,579",Y,Y
WA03,Carolyn Long ,dem,"$4,130,540",47.49426895,"$4,142,685",47.71121361,43.5,"181,347",N,N
WA04,Dan Newhouse ,gop,"$1,173,464",95.31601049,"$991,174",94.81280389,66.3,"202,108",Y,Y
WA04,Doug McKinley ,dem,"$57,666",4.683989506,"$54,227",5.187196109,33.7,"102,667",N,N
WA05,Cathy McMorris Rodgers ,gop,"$4,349,448",97.54128875,"$3,432,572",96.90486838,61.4,"247,815",Y,Y
WA05,Dave Wilson ,dem,"$109,636",2.458711251,"$109,636",3.095131624,38.6,"155,737",N,N
WA06,Derek Kilmer ,dem,"$2,524,026",94.17483879,"$2,531,111",94.57787274,59.4,"247,429",Y,Y
WA06,Elizabeth Kreiselmaier ,gop,"$156,123",5.825161213,"$145,108",5.422127262,40.6,"168,783",N,N
WA07,Pramila Jayapal ,dem,"$2,630,000",99.88970354,"$1,530,626",99.75865672,83.2,"387,109",Y,Y
WA07,Craig Keller ,gop,"$2,904",0.110296464,"$3,703",0.241343284,16.8,"78,240",N,N
WA08,Kim Schrier ,dem,"$5,422,491",86.41575538,"$3,774,398",81.75590745,51.8,"213,123",Y,Y
WA08,Jesse Jensen ,gop,"$852,396",13.58424462,"$842,269",18.24409255,48.2,"198,423",N,N
WA09,Adam Smith ,dem,"$1,324,761",98.32731758,"$930,710",98.06878123,74.3,"258,771",Y,Y
WA09,Doug Basler ,gop,"$22,536",1.672682415,"$18,328",1.931218771,25.7,"89,697",N,N
WA10,Marilyn Strickland ,dem,"$1,812,659",55.09037524,"$1,780,633",54.6489577,58.1,"167,937",Y,N
WA10,Beth Doglio ,dem,"$1,477,678",44.90962476,"$1,477,678",45.3510423,41.9,"121,040",N,N
WV01,David McKinley ,gop,"$1,092,609",93.09567406,"$1,085,864",92.98810956,69,"180,488",Y,Y
WV01,Natalie Ms. Cline ,dem,"$81,032",6.90432594,"$81,881",7.011890438,31,"81,177",N,N
WV02,Alex Mooney ,gop,"$2,155,978",77.06678534,"$864,001",57.38704595,63.1,"172,195",Y,Y
WV02,Catherine Kunkel ,dem,"$641,567",22.93321466,"$641,567",42.61295405,36.9,"100,799",N,N
WI01,Bryan Steil ,gop,"$3,500,849",86.71741956,"$3,151,701",85.68754466,59.4,"238,271",Y,Y
WI01,Roger Polack ,dem,"$536,228",13.28258044,"$526,431",14.31245534,40.6,"163,170",N,N
WI02,Mark Pocan ,dem,"$1,290,582",97.30437635,"$1,014,628",96.75979039,69.7,"318,523",Y,Y
WI02,Peter Theron ,gop,"$35,753",2.695623655,"$33,977",3.240209612,30.3,"138,306",N,N
WI03,Ron Kind ,dem,"$2,989,262",60.36833777,"$4,435,403",69.47640695,51.3,"199,870",Y,Y
WI03,Derrick Van Orden ,gop,"$1,962,443",39.63166223,"$1,948,639",30.52359305,48.7,"189,524",N,N
WI05,Scott Fitzgerald ,gop,"$1,155,721",75.72971333,"$968,406",72.25805007,60.1,"265,434",Y,N
WI05,Tom Palzewicz ,dem,"$370,392",24.27028667,"$371,799",27.74194993,39.9,"175,902",N,N
WI06,Glenn S Grothman ,gop,"$1,815,756",86.32033426,"$1,736,659",87.60178708,59.3,"238,874",Y,Y
WI06,Jessica King ,dem,"$287,753",13.67966574,"$245,788",12.39821292,40.7,"164,239",N,N
WI07,Tom Tiffany ,gop,"$2,637,459",67.6372821,"$2,514,740",67.10572312,60.8,"252,048",Y,Y
WI07,Tricia Zunker ,dem,"$1,261,957",32.3627179,"$1,232,690",32.89427688,39.2,"162,741",N,N
WI08,Mike Gallagher ,gop,"$3,202,905",88.48089842,"$2,841,801",87.66345119,64.2,"268,173",Y,Y
WI08,Amanda Stuck ,dem,"$416,978",11.51910158,"$399,916",12.33654881,35.8,"149,558",N,N
WY01,Liz Cheney ,gop,"$3,003,883",95.71139533,"$3,060,167",95.85782116,68.7,"185,732",Y,Y
WY01,Lynnette Grey Bull ,dem,"$134,597",4.288604675,"$132,235",4.142178836,24.6,"66,576",N,N
